{
  "Non-Craftable Batter's Helmet": {
    "sell": {
      "keys": 0,
      "metal": 4.11
    },
    "buy": {
      "keys": 0,
      "metal": 4
    },
    "max_stock": 1
  },
  "Graybanns": {
    "sell": {
      "keys": 0,
      "metal": 6.44
    },
    "buy": {
      "keys": 0,
      "metal": 6.33
    },
    "max_stock": 1
  },
  "Mann Co. Supply Crate Key": {
    "sell": {
      "keys": 0,
      "metal": 54.22
    },
    "buy": {
      "keys": 0,
      "metal": 52.11
    },
    "max_stock": 100
  }
    "The Team Captain": {
    "sell": {
      "keys": 0,
      "metal": 7
    },
    "buy": {
      "keys": 0,
      "metal": 6.88
    },
    "max_stock": 1
  }
    "Lord Cockswain's Novelty Mutton Chops and Pipe": {
    "sell": {
      "keys": 0,
      "metal": 2.77
    },
    "buy": {
      "keys": 0,
      "metal": 2.66
    },
    "max_stock": 1
  }
    "The Hornblower": {
    "sell": {
      "keys": 0,
      "metal": 2.77
    },
    "buy": {
      "keys": 0,
      "metal": 2.66
    },
    "max_stock": 1
  }
    "The Shooting Star": {
    "sell": {
      "keys": 1,
      "metal": 8.44
    },
    "buy": {
      "keys": 1,
      "metal": 4.66
    },
    "max_stock": 1
  }
  "Strange Specialized Killstreak Flare Gun": {
    "sell": {
      "keys": 0,
      "metal": 46.44
    },
    "buy": {
      "keys": 0,
      "metal": 46.33
    },
    "max_stock": 1
  },
  "Strange Rocket Launcher": {
    "sell": {
      "keys": 0,
      "metal": 16.66
    },
    "buy": {
      "keys": 0,
      "metal": 16
    },
    "max_stock": 1
  },
  "Taunt: Mannrobics": {
    "sell": {
      "keys": 1,
      "metal": 26.11
    },
    "buy": {
      "keys": 1,
      "metal": 18.66
    },
    "max_stock": 1
  },
  "Festive Sniper Rifle": {
    "sell": {
      "keys": 1,
      "metal": 18.33
    },
    "buy": {
      "keys": 1,
      "metal": 1.66
    },
    "max_stock": 1
  },
  "Strange Balloonicorn": {
    "sell": {
      "keys": 0,
      "metal": 52.33
    },
    "buy": {
      "keys": 0,
      "metal": 52.22
    },
    "max_stock": 1
  },
  "Strange Festive SMG": {
    "sell": {
      "keys": 0,
      "metal": 41.44
    },
    "buy": {
      "keys": 0,
      "metal": 39.11
    },
    "max_stock": 1
  },
  "Teutonkahmun": {
    "sell": {
      "keys": 3,
      "metal": 25.11
    },
    "buy": {
      "keys": 0,
      "metal": 47.11
    },
    "max_stock": 1
  },
  "Taunt: Conga": {
    "sell": {
      "keys": 1,
      "metal": 4.11
    },
    "buy": {
      "keys": 1,
      "metal": 4
    },
    "max_stock": 1
  },
  "The Templar's Spirit": {
    "sell": {
      "keys": 2,
      "metal": 4
    },
    "buy": {
      "keys": 2,
      "metal": 3.88
    },
    "max_stock": 1
  },
  "Vintage Conniver's Kunai": {
    "sell": {
      "keys": 2,
      "metal": 3
    },
    "buy": {
      "keys": 1,
      "metal": 35.22
    },
    "max_stock": 1
  },
  "Strange Mad Milk": {
    "sell": {
      "keys": 0,
      "metal": 22.88
    },
    "buy": {
      "keys": 0,
      "metal": 22.77
    },
    "max_stock": 1
  },
  "Strange Pure Tin Capotain": {
    "sell": {
      "keys": 0,
      "metal": 19.44
    },
    "buy": {
      "keys": 0,
      "metal": 19.11
    },
    "max_stock": 1
  },  
}
